min_expected,max_expected,primary_threshold
0,7248,4500
7249,8671,5000
8672,10220,5500
10221,11897,6000
11898,13703,6500
13704,15642,7000
15643,17714,7500
17715,19923,8000
19924,22270,8500
22271,24759,9000
24760,27391,9500
27392,30170,10000
30171,33099,10500
33100,36179,11000
36180,39413,11500
39414,42806,12000
42807,46359,12500
46360,50076,13000
50077,53960,13500
53961,58014,14000
58015,62241,14500
62242,66644,15000
66645,71226,15500
71227,75992,16000
75993,80944,16500
80945,86086,17000
86087,91421,17500
91422,96953,18000
96954,102685,18500
102686,108621,19000
108622,114765,19500
114766,121121,20000
121122,127691,20500
127692,134481,21000
134482,141494,21500
141495,148735,22000
148736,156206,22500
156207,163912,23000
163913,171857,23500
171858,180046,24000
180047,188483,24500
188484,201611,25000
201612,220024,26000
220025,239506,27000
239507,260094,28000
260095,281827,29000
281828,304743,30000
304744,328881,31000
328882,354283,32000
354284,380989,33000
380990,409043,34000
409044,438489,35000
438490,469372,36000
469373,501737,37000
501738,535634,38000
535635,571109,39000
571110,608213,40000
608214,646997,41000
646998,687513,42000
687514,729816,43000
729817,773960,44000
773961,820001,45000
820002,867999,46000
868000,918011,47000
918012,970100,48000
970101,1024327,49000
1024328,1080756,50000
1080757,1139454,51000
1139455,1200486,52000
1200487,1263922,53000
1263923,1329834,54000
1329835,1398292,55000
1398293,1469371,56000
1469372,1543148,57000
1543149,1619699,58000
1619700,1699106,59000
1699107,1781449,60000
1781450,1866812,61000
1866813,1955283,62000
1955284,2046947,63000
2046948,2141896,64000
2141897,2240222,65000
2240223,2342020,66000
2342021,2447387,67000
2447388,2556421,68000
2556422,2669226,69000
2669227,2785904,70000
2785905,2906564,71000
2906565,3031314,72000
3031315,3160268,73000
3160269,3293539,74000
3293540,,75000
